{
    "inventario":{
        "productos": [
            {
                "nombre": "Televisor",
                "precio": 19.99,
                "fecha_ingreso": "2023-07-15",
                "stock": 10,
                "codigo": "001",
                "categoria": "Electrónicos"
            },
            {
                "nombre": "Camiseta",
                "precio": 29.99,
                "fecha_ingreso": "2023-07-16",
                "stock": 50,
                "codigo": "002",
                "categoria": "Ropa"
            },
            {
                "nombre": "Televisor",
                "precio": 39.99,
                "fecha_ingreso": "2023-07-17",
                "stock": 20,
                "codigo": "003",
                "categoria": "Hogar"
            }
        ]
    }
}